Lawyers,Tampa,33647
Lawyers,Tampa,33624
Lawyers,Las Vegas,89101
Lawyers,Las Vegas,89109
Lawyers,Las Vegas,89128
Lawyers,Las Vegas,89148
Lawyers,Orlando,32801
Lawyers,Orlando,32803
Lawyers,Orlando,32819
Lawyers,Orlando,32835
Lawyers,San Francisco,94102
Lawyers,San Francisco,94107
Lawyers,San Francisco,94112
Lawyers,San Francisco,94132
Lawyers,Philadelphia,19102
Lawyers,Philadelphia,19107
Lawyers,Philadelphia,19134
Lawyers,Philadelphia,19148
Lawyers,Washington,20001
Lawyers,Washington,20010
Lawyers,Washington,20019
Lawyers,Washington,20036
Lawyers,Boston,02108
Lawyers,Boston,02115
Lawyers,Boston,02130
Lawyers,Boston,02136
Therapist,Seattle,98101
Therapist,Seattle,98103
Therapist,Seattle,98118
Therapist,Seattle,98177
Therapist,Denver,80202
Therapist,Denver,80210
Therapist,Denver,80220
Therapist,Denver,80234
Therapist,Portland,97201
Therapist,Portland,97205
Therapist,Portland,97214
Therapist,Portland,97230
Therapist,Nashville,37201
Therapist,Nashville,37203
Therapist,Nashville,37211
Therapist,Nashville,37221
Therapist,Detroit,48201
Therapist,Detroit,48207
Therapist,Detroit,48228
Therapist,Detroit,48235
Therapist,Baltimore,21201
Therapist,Baltimore,21202
Therapist,Baltimore,21215
Therapist,Baltimore,21229
Therapist,Milwaukee,53202
Therapist,Milwaukee,53204
Therapist,Milwaukee,53215
Therapist,Milwaukee,53222
Therapist,Oklahoma City,73102
Therapist,Oklahoma City,73112
Therapist,Oklahoma City,73120
Therapist,Oklahoma City,73159
Therapist,Louisville,40202
Therapist,Louisville,40204
Therapist,Louisville,40220
Therapist,Louisville,40291
Therapist,Memphis,38103
Therapist,Memphis,38104
Therapist,Memphis,38111
Therapist,Memphis,38128
Therapist,Tucson,85701
Therapist,Tucson,85705
Therapist,Tucson,85711
Therapist,Tucson,85745
Therapist,Albuquerque,87102
Therapist,Albuquerque,87108
Therapist,Albuquerque,87113
Therapist,Albuquerque,87123
Therapist,San Jose,95113
Therapist,San Jose,95125
Therapist,San Jose,95127
Therapist,San Jose,95148
Therapist,Indianapolis,46201
Therapist,Indianapolis,46204
Therapist,Indianapolis,46226
Therapist,Indianapolis,46256
Therapist,Columbus,43201
Therapist,Columbus,43215
Therapist,Columbus,43223
Therapist,Columbus,43235
